{"cameraMode":{"drawMode":0,"name":"Shaded","section":"Shading Mode"},"sceneLighting":false,"audioPlay":false,"sceneViewState":{"showFog":true,"showMaterialUpdate":false,"showSkybox":false,"showFlares":true,"showImageEffects":true,"showParticleSystems":true},"in2DMode":false,"pivot":{"x":-147.6590118408203,"y":32.098793029785159,"z":-1.5100021362304688},"rotation":{"x":0.01016387902200222,"y":-0.8978489637374878,"z":0.4397032558917999,"w":0.020754452794790269},"size":142.31263732910157,"orthographic":false}