{"cameraMode":{"drawMode":0,"name":"Shaded","section":"Shading Mode"},"sceneLighting":false,"audioPlay":false,"sceneViewState":{"showFog":true,"showMaterialUpdate":false,"showSkybox":false,"showFlares":true,"showImageEffects":true,"showParticleSystems":true},"in2DMode":false,"pivot":{"x":-161.3787384033203,"y":0.026753902435302736,"z":13.731678009033204},"rotation":{"x":0.0020507462322711946,"y":-0.9923790097236633,"z":0.1220756247639656,"w":0.016669986769557},"size":8.057401657104493,"orthographic":false}